<?xml version="1.0" encoding="UTF-8"?>
<jcr:root xmlns:sling="http://sling.apache.org/jcr/sling/1.0" xmlns:cq="http://www.day.com/jcr/cq/1.0" xmlns:jcr="http://www.jcp.org/jcr/1.0" xmlns:nt="http://www.jcp.org/jcr/nt/1.0" xmlns:rep="internal"
    jcr:mixinTypes="[rep:AccessControllable]"
    jcr:primaryType="cq:Page">
    <rep:policy/>
    <wcm jcr:primaryType="nt:unstructured">
        <foundation jcr:primaryType="nt:unstructured">
            <components jcr:primaryType="nt:unstructured">
                <responsivegrid jcr:primaryType="nt:unstructured">
                    <we-retail-default/>
                    <we-retail-structure/>
                    <we-retail-product-filter/>
                    <we-retail-content/>
                    <we-retail-experience-fragment/>
                    <we-retail-social-experience-fragment/>
                    <policy_1854959472881300
                        jcr:lastModified="{Date}2024-04-29T20:13:53.144+05:30"
                        jcr:lastModifiedBy="admin"
                        jcr:primaryType="nt:unstructured"
                        jcr:title="container policy"
                        sling:resourceType="wcm/core/components/policy/policy"
                        components="[/libs/cq/experience-fragments/editor/components/experiencefragment,/libs/wcm/foundation/components/responsivegrid,group:We.Retail,group:We.Retail Commerce,group:We.Retail.Structure]">
                        <jcr:content jcr:primaryType="nt:unstructured"/>
                    </policy_1854959472881300>
                </responsivegrid>
            </components>
        </foundation>
    </wcm>
    <weretail/>
    <core/>
</jcr:root>
